SAL_NAME21,street_percentage,rural_percentage,reserve_percentage,residential_percentage,weighted_street_pc,weighted_reserve_pc,weighted_rural_pc,weighted_resi_pc,total_coverage_pc,other_percentage,weighted_other_pc,distance
Abbotsford,26.5959216614694,0,32.61095621656413,17.93516785948669,0.06463430952597907,0.029767918820805876,0,0.03628031096961058,0.1992967761234038,14.806416979656234,0.06861423680700826,3.3986029414492114
Aberfeldie,9.74763618068745,0,16.296027768641874,21.188500893264102,0.01805683803772694,0.024929577293135295,0,0.11852817022248653,0.17505901856992526,13.229735763244276,0.013544433016576487,8.380248974995002
Airport West,9.273239005702669,0,31.50533881592179,21.62492880791029,0.01968613316282054,0.020781651399485214,0,0.1018206158606528,0.1530181152340631,4.27649679503178,0.010729714811104577,12.352178371572968
Albanvale,5.7306798389429,0,19.164716852786455,3.859111554047258,0.009984428028191588,0.019027934187286388,0,0.027435656741843815,0.0584249408616815,12.70993840538629,0.0019769219043597047,18.72837998111644
Albert Park,23.42650022927262,0,11.239111742352877,20.167516439926107,0.051890390618537965,0.06429309200533602,0,0.03154434544198255,0.15866645635825657,21.86082267911635,0.010938628292400051,3.4459326925109734
Albion,10.14349886340185,0,6.694379676555427,9.979717539748886,0.017658202147869603,0.019207260928466256,0,0.03351117235168194,0.08118522735109965,5.319004339267107,0.010808591923081853,13.600145636599844
Alphington,30.74788087314127,0,58.27230990580473,25.15837166048971,0.04578712280284825,0.06758474824791368,0,0.08829369238563012,0.29411018805743416,24.06433927161511,0.09244462462104211,7.04939371383266
Altona,11.207216320655453,0,8.63018295845043,12.158380265619714,0.012082784415584042,0.007684652214823658,0,0.01824361707776021,0.06496144701688594,4.126573008045583,0.026950393308718037,14.131131044151546
Altona Meadows,10.637775820720337,0,4.163704420640631,11.787163003782847,0.015380283486976192,0.017883750871450284,0,0.04450561951635671,0.08056418805186628,5.782692078898098,0.0027945341770831003,17.386134627748504
Altona North,13.189051882754194,0,15.303862558357284,19.361135261111883,0.017111067256812957,0.017551560833867615,0,0.03576856205781131,0.09360966971903155,4.060474254578385,0.023178479570539662,11.602049400461356
Ardeer,11.085728129220081,0,20.87808652286591,8.634396608465137,0.02744081417444864,0.0338448640016054,0,0.03413240543290281,0.10583736905564443,5.341779284984042,0.010419285446687578,14.89189480669977
Armadale,35.099668609553405,0,23.671629618518704,26.16196318782727,0.08040390374141546,0.005792108715652008,0,0.16035302473703705,0.26288135868255824,12.23083024616518,0.016332321488453733,6.89372026968877
Ascot Vale,17.44032673421333,0,10.284954593042054,17.93377136390844,0.0326893233003107,0.014249756742178722,0,0.1071376008142746,0.16263993410711258,11.177981913626256,0.00856325325034856,6.000089102424027
Ashburton,29.71218698850866,0,27.935554342074344,28.125594070650784,0.060604631289509124,0.02564948244737139,0,0.17891995154547907,0.28667989715557546,31.596166782942763,0.021505831873215888,11.865652290975136
Ashwood,20.809986125436062,0,36.82553790777549,29.193856221433695,0.040040060051292084,0.03493592109206387,0,0.17167781168090038,0.2817794544043613,28.176738824834725,0.03512566158010495,13.566989157791408
Aspendale,17.58699914694111,0,26.130268379918075,27.292447990694725,0.029499675952000672,0.008607884346804706,0,0.13181545490992688,0.2446703266444515,23.628191182473643,0.07474731143571924,26.110921214824973
Aspendale Gardens,20.413508893008405,1.683674423853473,23.303860150612902,32.61498584366425,0.033917950290898134,0.011552725901387768,0.0015866396006311131,0.13536456536828312,0.22575049844177217,15.75605557463324,0.04332861728057201,26.882944936675937
Avondale Heights,15.799520412624165,0,30.673533869816115,22.044456195059112,0.03067784636416419,0.0763385146201102,0,0.11584881072973957,0.22702448252224058,13.232409610900413,0.0041593108082266066,10.606762279719193
Balaclava,24.444204660043813,0,36.83372439409019,19.913106045690824,0.05871259433628542,0.003570079651810604,0,0.12188505322730381,0.21043467919579747,19.029507350960802,0.026266951980397638,6.834803124952752
Balwyn,37.27255925025016,0,49.63370503955418,28.10014131131587,0.07387896646201447,0.02117604149235981,0,0.20400878775757247,0.3034156381312324,13.141074782894544,0.004351842419285636,10.601527601122166
Balwyn North,27.37182427866709,0,37.01254008885422,29.490265124189886,0.0574883827233971,0.05293352688081506,0,0.18104360838579786,0.2999875622110651,25.78721115636553,0.008522044221055082,10.958976025964745
Bayswater North,31.68284305587789,0,49.85263557300958,36.58465431447147,0.044489304949406124,0.00836522800139333,0,0.15945724303205913,0.2664576132887606,13.30557421913091,0.05414583730590202,28.252995633929693
Beaumaris,33.41281874060515,0,35.20808386681678,27.730271482356176,0.06741329603713568,0.029663846600656314,0,0.18670900785961414,0.2905668720079395,16.66666001405246,0.006780721510533377,19.80648204921743
Bellfield (Banyule - Vic.),10.5403911255615,0,34.78628619055676,10.091447097383318,0.022790063800960884,0.07022428755428711,0,0.04955973563426225,0.14748645888129705,5.4098810693614086,0.0049123718917867985,9.490565656638212
Bentleigh,21.229846078190366,0,25.158497115709654,22.53530642973212,0.04515861419767074,0.0095388194612843,0,0.15322138445547903,0.21425997521304427,9.12985098615792,0.006341157098610185,13.73706618376697
Bentleigh East,18.248727385621137,0,18.336830462985645,17.675729145539545,0.03587437337391853,0.006779755808975864,0,0.12232059600654527,0.17230651913014153,9.852548072658053,0.007331793940701855,15.067365693324257
Black Rock,30.689390314946944,0,25.212444721068948,24.75789041693392,0.04750258388679884,0.019215772326741865,0,0.1842965936166303,0.2549306220284086,15.914680280305785,0.003915672198237581,18.16583824724653
Blackburn,40.281860351037686,0,75.63357603756964,37.57077406432824,0.07384299581283746,0.08313206118292382,0,0.22005613049642728,0.3971453188787662,16.6151354383686,0.02011413138657764,16.67523792435669
Blackburn North,25.991116786067337,0,48.77656357957952,26.837561656246596,0.05861591690818003,0.03548475140399873,0,0.1672850933014616,0.28433714996486087,29.273597148996842,0.022951388351220504,16.866415376463642
Blackburn South,29.138008725187408,0,47.59621799886561,28.22344892192241,0.058199250970815866,0.03712501930734494,0,0.1915080456779673,0.2953211408005421,19.415809038380363,0.008488824844413998,16.388858904136665
Bonbeach,20.267019866903098,0,19.6620781651876,32.66867166023747,0.021110423373959214,0.00928594274791617,0,0.1538196358315123,0.25732220907724707,19.352383263189697,0.07310620712385936,31.17960816635296
Box Hill,30.784414929653554,0,24.40522088583893,25.392869349395053,0.058756359314186365,0.030197193679285982,0,0.123103420721523,0.24059201682795708,14.224260595107449,0.02853504311296175,14.373906241128708
Box Hill North,25.53989393297983,0,38.737208536648524,26.594440421302345,0.05721504031389997,0.02766581893460156,0,0.17482785838801612,0.26831022047154013,18.233742633304978,0.008601502835022489,14.687417445437177
Box Hill South,30.129516819477697,0,53.95923891474857,29.346789586008228,0.04711098491794856,0.018645089088334933,0,0.16824225405444737,0.28942428983536883,23.506069470924764,0.05542596177463798,14.327818070265637
Braeside,10.787785621061815,21.77915055008527,53.39710861076477,16.278382700860536,0.007935971507155274,0.1760139395532882,0.008481599961037286,0.0010938736981401852,0.27110960098863734,14.077039290910582,0.07758421626901643,25.003899013261403
Braybrook,15.372477901528365,0,15.573539166826054,20.27085426211158,0.028084381995471974,0.010205829715117777,0,0.0814292771892141,0.14619347126486662,7.562524659220002,0.026473982365062775,10.011113006712717
Briar Hill,31.41457517289271,0,60.355064516934476,41.205653933008726,0.06081870428108286,0.008855726612075931,0,0.3095343906536121,0.3931540428264071,34.40458496841368,0.013945221279636202,18.35564600758066
Brighton,34.08139273101322,0,16.331035570089163,27.526695581835025,0.07714734681454649,0.010968582097282312,0,0.17711158684404943,0.27646391112633867,17.819607425516974,0.01123639537046043,10.854361505192408
Brighton East,32.82803268737491,0,31.055159422488455,28.778929159169603,0.07210192679102122,0.04056381613308547,0,0.17831667941504178,0.296082997108346,16.924233273937595,0.005100574769197568,12.388657864549224
Brooklyn,7.987205752994976,0,17.309199974521384,9.798386729951064,0.011017996080657578,0.003967284434587029,0,0.007878734283758257,0.055410964604501574,4.28968505575544,0.032546949805498715,10.710267038361811
Brunswick,21.097316581725934,0,23.990828925058015,20.56804721875136,0.04782846669430581,0.011448689313413571,0,0.09456707398457066,0.17128807256690884,6.562813543684045,0.01744384257461881,5.311767503702304
Brunswick East,22.944668000949918,0,35.65918848507974,17.939686037754946,0.05105725352251576,0.04873430281949082,0,0.07850519030188846,0.19764038951319646,9.519347454259865,0.019343642869301403,5.173059442174297
Brunswick West,19.154454328682377,0,38.857180751677355,20.575669467937423,0.048229728754011963,0.02183848269136974,0,0.12265506267518014,0.2121069312279186,20.21504534445155,0.019383657107356733,5.9290704986591
Bulleen,15.049789388961537,23.26122324994478,51.265104082771884,20.135357098278988,0.025122998385383323,0.08866684638002673,3.5034235753896785e-4,0.08728238353651001,0.27200547429738925,31.352675906883764,0.07058290363793025,12.030143635049123
Bundoora,16.166727710351264,0,35.45277257726711,14.07521794134587,0.022521785099088042,0.09055232387103503,0,0.04257595695575866,0.26493602541014566,36.09358926041102,0.10928595948426392,15.388905590301562
Burnley,27.160293989540346,0,27.76034005129872,29.026054853086997,0.07017942589836945,0.12851256425029334,0,0.02007841751302957,0.267075236400004,23.057131916851915,0.04830482873831164,5.069434664397341
Burwood,22.8402508483456,0,57.17038106761291,27.385389655951354,0.03800545933100606,0.08707577787367353,0,0.14445990386556248,0.298666083628468,18.938532800730925,0.02912494255822593,13.623515356106477
Burwood East,20.7043669129593,0,40.03115031221968,23.00657222809152,0.04108335509520255,0.030469078307793593,0,0.13609640283214716,0.2375509996272543,22.33110068773511,0.029902163392110968,17.058644678156245
Cairnlea,9.230119939874427,0,11.231188357011735,3.548344558075678,0.02006383162964958,0.028260736392739794,0,0.01722073156918853,0.06625294646441168,1.5490754124880843,7.076468728337891e-4,16.599332107411787
Calder Park,6.775511133748048,1.8193199137925935,0,1.7879161471149747e-4,0.0038191314093740346,0,8.840480374725537e-4,1.2863412403494644e-12,0.006909326661145567,0.24648582709916392,0.0022061472130126374,23.477508926585237
Camberwell,43.09167897144937,0,31.192613815716207,31.801022539464803,0.0824757341584083,0.018426594328724216,0,0.21441424057195635,0.3332765589065657,23.85330194070654,0.01795998984747688,10.097115617573383
Canterbury,56.264940799262696,0,52.701272817554745,34.284164112435214,0.1073753858546496,0.02356628225469752,0,0.2415469483811159,0.3868214954873619,23.927770429116006,0.014332878996898874,9.954056952687445
Carlton,19.35707009181245,0,48.91579977574832,20.498435620887456,0.07035873828257165,0.059949596180010264,0,0.03990534979944195,0.1978623217899622,8.659413778303461,0.02764863752793833,1.5824103720286984
Carlton North,24.366978453291203,0,22.02293864224989,17.301867948566294,0.058687705248643265,0.04742704396891177,0,0.04904494397136812,0.17846204493193327,8.95102849631638,0.023302351743010114,3.0978128632582984
Carnegie,30.23558120321381,0,15.921817830724866,22.646014026406625,0.063830446210738,0.008556475810855972,0,0.1532180733588243,0.23078554652087543,8.844981720614792,0.0051805511404571574,11.97998387836648
Carrum,22.675006022633582,0,26.264906121196596,32.02270838879152,0.03798894030748696,0.024755491425830438,0,0.18174159882768806,0.26149462940524343,9.965751368302147,0.017008598844237957,32.544759905510595
Caulfield,30.070077525739585,0,0,21.549821340253793,0.058250375287736196,0,0,0.14228983620753385,0.22007553418806303,13.380225184511568,0.019535322692792966,9.545664709481038
Caulfield East,24.465469367662536,0,5.174482538305324,28.808249573622003,0.034913678399903024,0.029180260455416666,0,0.04713649853324369,0.12287904898901726,8.977986273997274,0.011648611600453865,10.178193391398723
Caulfield North,31.532102487500126,0,24.195654381824482,25.111092890545777,0.06697664533281493,0.015006740585450502,0,0.17059885095235325,0.25754810432118874,10.750192346611989,0.00496586745057008,8.230218153786057
Caulfield South,35.02540648583919,0,19.72099985793006,24.798826478392044,0.07920624733035303,0.008623090783572639,0,0.16472016293736227,0.25934168570482874,10.305314856118857,0.006792184653540804,10.458814344757707
Chadstone,20.89528430741419,0,40.060253347903746,24.394772342949814,0.05244487160106122,0.027457640987898716,0,0.15429214340859607,0.24031971858580575,12.763271451752365,0.006125062588249748,14.229556198514885
Chelsea,16.901068787790813,0,18.897413370579123,27.819531247614353,0.02919971667180721,0.023887443376170235,0,0.17245426951750817,0.233628482309893,9.993630491788947,0.008087052744407377,29.6153026739835
Chelsea Heights,17.29147668425628,0,21.280337114770205,28.711238772019726,0.039249167741088165,0.005692404514328488,0,0.09276815951985601,0.20766541627611795,16.531839542212143,0.0699556845008453,29.313291149302902
Cheltenham,20.580507883060772,33.31709204836688,29.801570548765305,23.249554803255894,0.03351649519965436,0.03736709431363118,7.368917838765715e-5,0.10896597992015855,0.20227869895229794,9.205182441881025,0.02235544034046622,18.66252896209552
Clarinda,14.442421706835763,7.909314925175257,13.683820116153209,13.707065022203821,0.020748781729413638,0.01227155583524167,0.021407907021000053,0.059801826767615134,0.12054498377541446,10.577132875931772,0.006314912422143968,19.046374768116998
Clayton,19.162860151727603,0,18.399082785746593,17.12448446318982,0.031743381020380886,0.002436155156200115,0,0.061700175556285916,0.1552450300073579,12.882959208391012,0.05936531827449097,18.69688380724813
Clayton South,13.874998999764953,7.341612644955646,27.81478803134178,13.168325000726686,0.01741064941759126,0.015249217876433612,0.007233892613585304,0.03907829970070601,0.11827131410100865,9.259932039327344,0.03929925449269246,20.199009400476577
Clifton Hill,16.91021761468659,0,42.3594513830571,18.867262542995526,0.05014163774923494,0.10584356641632336,0,0.06293095190883914,0.23327715886071065,11.960781311571886,0.014361002786313198,4.017941505761256
Coburg,17.209375808640594,0,34.50199624003719,16.490304969760032,0.03746152264119685,0.020123292801727803,0,0.09555052765979927,0.17061533175580607,12.091896533564931,0.017479988653082135,7.691881765843333
Coburg North,17.098475866182678,0,44.881609416964494,20.257546730042865,0.025250442396726937,0.07656976809767091,0,0.06687294465755632,0.19733886865295308,8.147110355316123,0.02864571350099892,9.685620306546808
Collingwood,16.742247485342553,0,43.199578914408896,25.256953284504768,0.05139326702801385,0.0010313468948329458,0,0.05728919104877405,0.13653151799747065,5.781927176912198,0.0268177130258498,2.5806532282455454
Cremorne,17.025499578116005,0,5.3686332781255235,26.691451393141037,0.038936047674918754,0.0026298925513942722,0,0.037572025256832134,0.13960364564285124,10.39720729324143,0.06046568015970608,3.107330649395992
Croydon,34.9660736819646,13.577802989323695,37.388558074448724,37.45756125618523,0.059736474747749194,0.041707644043029825,3.9035898723682304e-4,0.22998430714233323,0.3536535839230024,21.673213886313462,0.02183479900265333,28.34865642887472
Croydon Hills,30.141652803988876,0,59.88547013185015,29.607364245527563,0.056273864551897014,0.06250520045824715,0,0.20183735095262034,0.3248283442273195,15.477013267925793,0.0042119282645549615,27.097737451865427
Croydon North,33.952717330086315,0,75.24286845029002,41.25736960655362,0.05512142497280129,0.09124621522690773,0,0.28244336726552,0.44335088426281,45.73067443606206,0.014539876797580916,28.644242901760773
Croydon South,36.88597386294429,0,63.30232625340716,32.29163392909748,0.0595437460623981,0.012640568912462763,0,0.17184855821789244,0.28912631084379614,15.7433660453516,0.045093437651042866,27.707944868246376
Deepdene,43.82238554372921,0,52.330416767485865,28.299966524425663,0.0788729677520601,0.04815430848715112,0,0.19266915364188253,0.32436396757698355,9.891690304665655,0.004667537695889832,9.062734079045383
Deer Park,7.216040978977201,0,19.266045903458114,4.655822145663432,0.013591422475739766,0.012338967322947376,0,0.02143598190731109,0.07549419717474688,9.794072417692423,0.028127825468748643,17.588233918044825
Delahey,7.985321668793708,0,6.9050215522135,5.218847590536436,0.015280870400109076,0.0021214161920468516,0,0.023418386368422105,0.048531554890235536,2.3423942328194607,0.007710881929657502,19.434941288221818
Derrimut,5.7250425400824065,0,0.7436897609627566,2.4463242650668224,0.006764470579270219,0.0013054755772600565,0,0.0025251035957292826,0.02159131209580507,1.8233398622739438,0.010996262343545513,16.543858844948055
Dingley Village,26.34454701523119,8.531585387711777,19.26841650001837,38.685409416258345,0.035824400101884035,0.018507993789571072,0.02195001279574527,0.16205823009652914,0.264827812730899,28.862600765822933,0.026487175947169494,22.916128845638724
Docklands,7.497519252981114,0,16.788082695642935,0,0.01747142416355771,0.0014432597545485698,0,0,0.04633768756800329,3.616027923803089,0.027423003649897013,2.0496767587194604
Doncaster,21.223255646140217,0,37.03944600791081,26.038446456240553,0.043844579704186926,0.026623944932121297,0,0.1630522014515856,0.25362670444604435,21.08988452391027,0.02010597835815054,14.541632892395324
Doncaster East,22.102118159182808,0,45.06649651654423,25.57269796424686,0.04467950282466437,0.03304276105945855,0,0.16707194432059044,0.2617859852655815,23.862132261070073,0.016991777060868133,18.11469572086369
Donvale,35.271634640070715,52.1174801531048,67.12175641528194,45.47313565154666,0.04839950083779053,0.062010056630390144,0.018297159630318815,0.31435229783347907,0.4592737467548725,36.854698654705956,0.016214731822893947,20.284487574919197
Eaglemont,37.78165161073613,0,64.51636996376881,37.852569383132824,0.06434325933460242,0.11602774712327012,0,0.22626683056548266,0.42856774857730967,42.09474613922544,0.02192991155395445,10.480557284637591
East Melbourne,26.73741825046233,0,49.94486800190741,22.813750832482146,0.07888341079128128,0.13455869771416237,0,0.04944395892443675,0.29533968955408607,14.830737557260946,0.03245362212420563,1.7153508817118779
Edithvale,20.17391118501886,0,12.660702094370672,27.58209602175834,0.03348924706038274,0.007944540088089409,0,0.1670005021251673,0.23456256114720633,15.760753243541403,0.02612827187356688,28.155010755252196
Elsternwick,27.43382184497161,0,47.60017986705527,24.713177954524376,0.06355647041057493,0.005068701056164842,0,0.16472779884171665,0.25002595133816474,18.297624459973193,0.016672981029708316,8.842945339408072
Eltham North,32.3248253908105,0,66.13628444598385,36.19152145902014,0.05744859696950957,0.06419518488406227,0,0.22757501497855523,0.3728366689239352,24.49869221511482,0.023617872091808136,20.361708054177193
Elwood,44.31291253812138,0,17.995197515326332,24.368800742645153,0.10800461763424157,0.017547886727768525,0,0.14241614950710432,0.2878061397443069,26.686961371415325,0.019837485875192507,7.65006234342932
Essendon,12.225311001112772,0,24.74050653788766,18.28029293001058,0.029511463799622183,0.016978694388567556,0,0.11151845428022303,0.1661247694381864,10.154201559649161,0.008116156969773634,8.497585670275145
Essendon Fields,6.08604771910023,0,0,7.123175124682257,0.0047094780941986615,0,0,1.5900089803270678e-6,0.009323548186539476,0.4999457448875411,0.004612480083360487,11.151868139939902
Essendon North,10.279687158106231,0,3.1707562759077157,16.670300080571128,0.031414279298272875,3.8713407336078665e-4,0,0.0934229227893979,0.13495679832484075,7.9918760288719275,0.009732462163809175,10.016980069173115
Essendon West,11.005293262174632,0,30.10789330729447,22.29927689773234,0.014440245671724944,0.10672791739373413,0,0.10716008295457388,0.2338384584854054,16.326909462706578,0.005510212465372453,9.573040792132803
Fairfield,19.47573814531892,0,41.735722879704326,21.389073755715767,0.035028776057976656,0.16079851281705326,0,0.060323707927412526,0.28211351357920555,16.987496231959884,0.025962516776763107,5.691608093161952
Fawkner,13.894158622919761,0,24.11964935182724,14.891079045144185,0.027417787810807042,0.03552661891615985,0,0.08359064962821447,0.15443664747420874,8.403590212767893,0.00790159111902738,12.149704131738135
Fitzroy,26.393678168864877,0,57.79720999489707,22.009810122326847,0.0845710625635754,0.004473855413457372,0,0.0768494297670036,0.1926796019748889,8.300927848731343,0.026785254230852554,2.0433985332820486
Fitzroy North,22.30470210775131,0,37.956038129660556,19.584725765924215,0.0702974075783688,0.038917190964227154,0,0.09127353072560848,0.2218291533192191,18.357128258582335,0.021341024051014665,3.840765721338166
Flemington,22.65838840503941,0,30.1331131884086,21.478475116482027,0.02650411690436257,0.012234163421156888,0,0.042228705512869495,0.12743886291029927,7.195821507868537,0.04647187707191031,4.9128862055710725
Footscray,12.239372058232883,0,13.971154295026794,18.892733532965835,0.028990273191054537,0.016064257510655478,0,0.04883235133263094,0.13123225861149473,9.583453438867819,0.037345376577153776,6.079502342566391
Forest Hill,25.017988227049337,0,38.235015854676014,29.13497699290592,0.04992809496345286,0.030316752674689033,0,0.1856874587123563,0.2878933813213873,26.204817284311122,0.021961074970889068,18.527186225121827
Gardenvale,17.736014156596365,0,48.75985463569526,25.75875476043627,0.051350402962797775,0.005475281373338152,0,0.15613287046030788,0.22259324823648446,10.347692199422955,0.009634693440040682,10.158702898976374
Glen Huntly,33.55863788207279,0,32.79874620166492,22.646322667465807,0.07708905204623581,0.010275248167026145,0,0.1459199740280196,0.24512524981130976,12.514977999420976,0.011840975570028186,11.077944374708727
Glen Iris,35.55774301029656,0,44.69576677151012,29.25076023180802,0.07563648531333357,0.04065725613845009,0,0.18323264752921037,0.3137623829646438,20.365964850958044,0.01423599398364979,10.094711549424337
Glen Waverley,24.854334686785926,0,41.16049554388584,24.26525633360963,0.04800540565750946,0.04884906454696,0,0.1470514958979598,0.2570397727699695,15.986260973323924,0.013133806667540241,19.538432689196867
Glenroy,10.091959749550771,0,13.646970982883516,13.927318475820094,0.017391625267367143,0.010698315252044285,0,0.06689077341908455,0.13430406983734888,14.61886326727179,0.03932335589885293,12.789537085850897
Gowanbrae,7.663270111505777,0,11.35711139385418,7.963535852500385,0.015026803522407005,0.014525289091757813,0,0.049656542780141026,0.0838004407617494,8.751892455768246,0.004591805367443557,13.545149478398502
Greensborough,29.02863211046694,0,47.060514324494115,34.49602397847249,0.05817286145910197,0.05946446092455999,0,0.19868628362164112,0.33397761572563783,18.148428733557573,0.017654009720334766,18.034022166161996
Hadfield,12.24609764049135,0,18.42168349095722,16.02141221502743,0.01715714257615633,0.00518241467952171,0,0.06729070215872263,0.2059353067116224,28.245827036128645,0.11630504729722174,11.591965426009954
Hampton,41.041557011680396,0,30.43528740343274,42.12429521850757,0.08352370261537376,0.015260857023949283,0,0.26795276402858786,0.38605651898804033,17.523452724272044,0.01931919532012942,14.30553129330143
Hampton East,33.801035674376095,0,38.99254850199886,38.187606712253,0.07263892479050806,0.032881789181783326,0,0.20130706388516142,0.36862230884838654,35.59238852098232,0.061794530990933724,15.051814063318986
Hawthorn,34.258549798491,0,34.72652802832549,31.694297111750615,0.06360167575280065,0.03138953332068401,0,0.17664093154182547,0.30773145965705856,21.664332056018367,0.03609931904174843,6.178840687378742
Hawthorn East,39.48759777539559,0,31.79117609795034,30.35457835321459,0.07829425547972642,0.015898223842872986,0,0.18088518068828827,0.2975594242885267,14.429077530042742,0.022481764277639024,7.87612260845612
Heatherton,17.247340166608044,8.731643716382404,13.033847486327529,17.69555515836271,0.012681200518116265,0.004912240353638589,0.03949121231740322,0.010740232735070873,0.13532156459751296,17.96009815797361,0.06749667867328402,19.466451516344762
Heathmont,39.05099301915539,0,52.4875998208493,41.16370473555382,0.07066224051291504,0.023709229839616996,0,0.2804579814392037,0.42006945035154364,48.87810128771419,0.045239998559807926,24.801988441490973
Heidelberg,20.166061425052117,0,44.31474837719972,22.360781821065054,0.038768165769067935,0.08216892249700493,0,0.10126755439129546,0.2520995798590668,17.64191647286246,0.02989493720169845,11.635698341271748
Heidelberg Heights,14.770550491233902,0,15.46199831621953,16.31262585335804,0.03376943448964861,0.005117530209429066,0,0.11571400573537959,0.15742266874166316,9.755786441114452,0.00282169830720591,11.195324675897503
Heidelberg West,13.541161594413055,0,39.97228706405629,15.882194658950514,0.026330047846928665,0.05379906709163024,0,0.054046448353869944,0.15319531909017867,5.751906701901679,0.019019755797749824,11.024069222549443
Highett,25.48765688089791,0,26.72755360856321,27.485750812803378,0.04867125629640278,0.01965836630994627,0,0.16519045868784654,0.24683902143876602,9.903664521294468,0.013318940144570409,16.58139082695869
Hillside (Melton - Vic.),8.421623901719396,0,0,8.673929438642782,0.020312635471700032,0,0,0.05790512093002879,0.08345206191822774,5.737656168668253,0.00523430551649892,23.857960618046636
Hughesdale,24.656552848352394,0,26.300363085105328,21.024122296633152,0.05620191485238149,0.004214329325110601,0,0.14918571084396517,0.21464621521810823,10.86094092724104,0.005044260196650933,14.053673031513835
Huntingdale,15.924844494807763,0,0,17.0069521700604,0.040839599078330534,0,0,0.07986355171169586,0.13123160890618224,3.8431434405821365,0.010528458116155846,16.469948265090668
Ivanhoe,22.048962689898758,0,53.9097612947883,24.98785228277755,0.03701833081209735,0.1032098453902278,0,0.1330173497584226,0.2979647091812878,22.81816077521218,0.02471918322054005,8.761329343473856
Ivanhoe East,32.03217067598192,0,55.57231514048551,31.128730739088862,0.05161265508614553,0.12805141315841326,0,0.1699385276604485,0.37594857228090606,42.13495079505738,0.026345976375898823,9.812793644851359
Kealba,9.022873214836652,0,10.401995623422772,5.717278204450742,0.01799810808606072,0.025457242703494577,0,0.017623351977899236,0.06921939424775032,3.288550165309441,0.008140691480295786,14.549230104539513
Keilor,14.70741911192264,10.590253902202916,31.16933661554554,12.00326847322531,0.0314738183045511,0.03305735816327802,0.029422176520287384,0.03650753757592439,0.15226124704277194,22.251321790429817,0.02180035647873105,16.712866822881235
Keilor Downs,8.886939732169472,0,14.833401239449614,8.382267945799143,0.018000025503340837,0.02839242726051443,0,0.04534233972935628,0.0959862185649315,6.529113005281266,0.004251426071719951,17.392693020354308
Keilor East,9.759461235508095,0,23.247627100362926,16.901024975825983,0.018094469601561174,0.08378855686457164,0,0.059866918569407145,0.17054906724992855,8.802881289081844,0.008799122214388578,12.46103445016067
Keilor Lodge,11.63345805639783,0,7.20795718477065,11.645024255893135,0.03486276281144906,0.002878278915227334,0,0.0747131530073061,0.11515969305456451,14.388884718783146,0.0027054983205820108,19.293290649017553
Keilor North,4.225210539034966,4.222748790281998,10.674860086162855,0,0.003250831123467471,0.05227656836836445,0.016871556531115987,0,0.07938990869501134,20.6803820997401,0.006990952672063426,21.00467666552697
Keilor Park,9.683751566536392,10.840628706967898,20.823852811296785,17.482269591428306,0.019017640564208283,0.047309331555664295,0.012797610449888829,0.03805560936047513,0.12454902284953175,3.061528460268249,0.007368830919295195,14.392161961964394
Kensington,22.329343214260973,0,32.68510120334398,22.074092326704996,0.060901194219358384,0.04061504641347744,0,0.08155400803482389,0.20388480472145848,8.91255613695601,0.02081455605379876,3.868159173312059
Kew,38.22991063591932,0,71.0530434056044,28.597052996255094,0.08492932555157931,0.08886198448042847,0,0.15855991836397865,0.36790009313458383,36.15660767512585,0.0355488647385974,6.283159550551694
Kew East,27.010831356836206,0,64.551794715438,26.630989381207115,0.04951976907300876,0.08235436406350584,0,0.09894170793157155,0.3424445836711384,35.152039929412545,0.11162874260305224,8.282139672528222
Kilsyth,32.805415964242876,20.927240895965692,52.80791723916989,42.52647981892542,0.06209268715542851,0.00854315903801156,4.2815589065817616e-7,0.296593295577211,0.38197037598619477,15.179119034346536,0.014740806059653088,31.28647106546592
Kilsyth South,37.23844047108755,40.56296228973366,83.47533882769244,34.94762744471348,0.03933375388845358,0.02863321732840458,0.18198946850166872,0.09530324689730871,0.3870524941325485,30.12972090621079,0.041792807516712875,30.687463298427158
Kings Park,5.851381736413906,0,11.769884194526927,4.459721756894075,0.012588102970428406,0.005145683362874872,0,0.02980037281757864,0.0560507240626334,11.676281213913803,0.008516564911751488,19.061689899017214
Kingsbury,20.223809820822698,0,21.829010759020314,16.367132747015976,0.03703617697009228,0.05608433039562851,0,0.08180304852606674,0.18639118762861367,19.067574611726208,0.011467631736826163,12.545517211925864
Kingsville,21.59568569213272,0,48.80175076078325,31.50550980498794,0.06284950626273993,0.004145406059384501,0,0.2035461753616674,0.2861318250576396,28.653003858606986,0.015590737373847795,7.392072444850976
Kooyong,30.278827733678508,0,28.12807430206621,35.74595089010403,0.06370648733883066,0.08969065030519634,0,0.13400516351145073,0.3123000387828673,25.974853605905796,0.02489773762738957,7.077633764526743
Laverton,11.660173948194943,0,20.674105136349063,8.037858770893834,0.0248759805502352,0.015900189255751554,0,0.045692005338644016,0.09353876751004474,5.004313892429778,0.007070592365413955,17.96985022090245
Lower Plenty,36.039526734353664,43.40126766772456,38.622266549534665,41.656281434851735,0.028746638094664063,0.06494728633141511,0.08743385235687867,0.15952926966718517,0.3985400329858483,34.52499934380837,0.05788298653570523,15.871296263961115
Macleod,22.78836916136809,0,78.83811784693651,23.17891822336751,0.038115406239080926,0.16878343020672001,0,0.11656951453696611,0.35061830478267625,23.45741936025799,0.027149953799909216,14.010013675449711
Maidstone,17.107588722196006,0,17.23947262288223,20.311427367352124,0.031200714357232217,0.007291635525417407,0,0.08518357317765225,0.1778109212445079,15.209150555190993,0.05413499818420604,8.614446847839087
Malvern,32.072539529664354,0,39.01717229542909,26.321342469514097,0.07194965329061843,0.013542663118005255,0,0.17459651717770666,0.270095564182586,12.89035787483231,0.01000673059625567,7.898837868443618
Malvern East,31.273084687411583,0,35.6959835484636,25.014694311883428,0.06747749175328921,0.04298444251838556,0,0.14063938642184146,0.26423814130007633,12.931700036315949,0.013136820606560096,11.363537527379426
Maribyrnong,12.919069426259597,0,19.493755329521097,18.303515320106655,0.018808116969392337,0.0329725142483142,0,0.04184582268810096,0.17143435092832338,17.03884414892758,0.07780789702251588,8.078220974785019
McKinnon,27.206957257094256,0,33.45036475142491,23.79867993167599,0.05370306481878153,0.018838477825007974,0,0.16100655007687423,0.24217086179428562,12.360725204347373,0.00862276907362189,12.593403207429924
Melbourne,20.67435835441222,0,32.5883586719596,14.737760191651594,0.05329773450904474,0.10295212935338528,0,0.0028747332661588727,0.19536772639352062,8.909742388315536,0.036243129264931735,1.4018859904700893
Mentone,24.256398063583937,0,37.74399742606537,36.086814018749074,0.05226337717146912,0.022279501536231927,0,0.20478004201218444,0.3015021047100356,14.03347688873115,0.022179183990150068,20.799993879307184
Middle Park,22.7254468420199,0,4.471759488561351,14.084672817003248,0.10158716871687555,9.295326731696512e-4,0,0.07018138351335636,0.1778189042040533,15.100381363501908,0.005120819300651734,4.104597092088487
Mitcham,32.86034390397579,0,66.70367323781538,31.85278080258318,0.0656476436684568,0.05923213235495753,0,0.18722872825573456,0.33182893341922026,15.951245597606345,0.019720429140071397,20.77586424899768
Mont Albert,44.13033346290882,0,59.203850609396284,31.51691098253871,0.09446141849103962,0.016549324446782844,0,0.21588318328763348,0.34015178752068786,18.1564355506442,0.013257861295231968,12.744412659845597
Mont Albert North,35.58904294104581,0,39.561997833332605,30.697308627132713,0.06814041949752626,0.051170287945737254,0,0.1937916648116819,0.32246017146823674,19.538226556582373,0.009357799213291338,13.055595901940173
Montmorency,36.09090930519253,0,52.86925728746519,42.36641163385336,0.066056682494182,0.03596522245343062,0,0.2937863055194871,0.4100494775175004,25.65849415700426,0.0142412670504007,17.767623392800242
Moonee Ponds,14.414738382944122,0,20.99247125136362,18.048819534963858,0.03247550638428925,0.01506916943257213,0,0.09024180652133909,0.15149023412360552,6.75277063621087,0.013703751785405073,6.521572260805359
Moorabbin,11.622459355635396,0,20.231177826843304,18.82154577051749,0.022461946852867624,0.009558170532669016,0,0.0490432763984426,0.10808772779949316,5.416543859078375,0.02702433401551393,16.398840558956074
Moorabbin Airport,1.6717044976151716,0,0,62.57940296594854,3.578198337288986e-4,0,0,2.2078147100828e-6,0.03514454149785782,3.5545471979017016,0.03478451384941884,21.743934611280604
Mordialloc,23.507327936456864,0,28.091146716699512,38.741135301179845,0.04304285521301192,0.026786252872476195,0,0.12816662767378256,0.29320439986864927,24.367931230479527,0.09520866410937862,23.64706017000559
Mount Waverley,23.531195148104132,0,58.653870946588306,27.48990507949599,0.04732482283100343,0.03789696093423843,0,0.16899731459857256,0.2743901554044609,16.8778224780795,0.020171057040646447,16.206924259620017
Mulgrave,20.738293137181625,0,24.14947312356651,16.82909632871656,0.04757022188588626,0.009184853409064322,0,0.07995479965605157,0.16929706696583813,12.655978926893837,0.032587192014835994,22.43889001990161
Murrumbeena,29.32704108891815,0,22.926615876099863,27.011757441143946,0.06393914512515377,0.01879189051608578,0,0.17534416806875958,0.26377343544047194,11.200826924496207,0.005698231730472796,13.137333684384815
Newport,31.850363160599613,0,32.80004068061612,31.24309452474333,0.061527184137502265,0.03962959201549307,0,0.13587969823793603,0.2682835042776293,12.44448855191645,0.031247029886697975,8.018268753676953
Niddrie,14.730428828910034,0,61.74389103741819,24.625968961942416,0.02772493550027815,0.01872339479643755,0,0.16373095189727682,0.23460030025699355,20.94620797152057,0.02442101806300103,10.767531502049417
North Melbourne,26.41097299163083,0,24.353643679377377,29.672756226459057,0.09090919561868419,0.010333372826473376,0,0.05466515642106643,0.19114576558858534,8.211453629453024,0.035238040722361356,2.3703492289514836
Northcote,23.51641518960629,0,33.142961802170376,21.949422837202857,0.04931957950029465,0.04100505941070775,0,0.11959576928233574,0.23167823664060283,17.88053966321111,0.0217578284472647,5.676600767260883
Notting Hill,21.806697599751885,0,40.2275998872304,24.834572856309077,0.03155281850180917,0.0010592831770716462,0,0.06341491293677214,0.15894119812570595,10.532669279575815,0.062914183510053,18.659720672752027
Nunawading,24.966918604347164,0,48.68490261253145,27.831037364691113,0.051431692505936114,0.030605958222392572,0,0.15282075386527316,0.25071045922257823,8.70832462808477,0.015852054628976372,18.79544129109204
Oak Park,10.990354060431361,0,20.13218899575798,14.727216983678717,0.02127183735283498,0.013711731315497137,0,0.09679240158160378,0.14091215996200193,11.264422758112403,0.00913618971206604,11.469160355422218
Oakleigh,22.84296088891768,0,32.85794073537352,20.541902391510284,0.05284238790060252,0.02247057867357094,0,0.0893888549471219,0.19022045877942137,9.624944305949546,0.025518637258125993,15.109416767205783
Oakleigh East,17.560054907136617,0,25.670231544151022,17.36809791425373,0.04479253641679917,0.009457508521788715,0,0.11435071632962462,0.1750400835880179,12.961459067259346,0.006439322319805391,16.69073334118986
Oakleigh South,15.649259549042805,0,20.686975728184642,16.307047861935406,0.0215914612496974,0.007361311126688287,0,0.05038422620704993,0.17151611725042099,17.81333678378981,0.09217911866698536,16.817796409669544
Ormond,28.53474743675938,0,18.37485545002353,24.74746919884469,0.06193904505511718,0.00844746644559158,0,0.16836333457163968,0.24633569430402855,13.393984341788883,0.007585848231680096,12.122138525961686
Park Orchards,54.45968475131142,66.84951808461598,81.45256905002427,58.95309083665894,0.05220545921163424,0.059481064391925444,0.2535437654369908,0.25555911726521946,0.6315461505275801,58.64297438128187,0.010756744221810126,22.54644011935025
Parkdale,29.020011952268014,0,19.835603751103925,40.21206768211309,0.06377827428554649,0.012579383718414877,0,0.26962299788586297,0.3560124541756214,21.664295788773437,0.010031798285797061,22.29233965222513
Parkville,33.26830053437574,0,38.025104701846004,23.429354314905407,0.05306504238613908,0.183969137480569,0,0.02068307926266165,0.3184165498628015,22.61477054198234,0.060699290733431756,3.215713157318444
Pascoe Vale,13.540482916788704,0,39.01304054703058,16.48849449761698,0.026783252318155426,0.02854245131077464,0,0.11133342728120411,0.17108326814372934,8.22047571947819,0.00442413723359515,10.133739136921228
Pascoe Vale South,15.185242949399594,0,36.536056841260354,17.784905660424716,0.03762013030455192,0.018374248961839014,0,0.11604638998326178,0.18332076885983217,22.802358858975342,0.011279999610179451,8.160591654819422
Patterson Lakes,22.183131747518487,0,10.78768610926653,23.750609976712163,0.04731433473523042,0.009360589677028717,0,0.11587237365236319,0.18763777398998577,7.115863465695539,0.015090475925363427,32.44740602759691
Port Melbourne,14.50580619069258,0,27.189522802978196,19.346050734607832,0.032268985382777275,0.02011780822907336,0,0.02000004904948155,0.10138472425053068,4.831588821123503,0.0289978815891985,4.182333222024122
Prahran,33.33902366590218,0,30.268073374248395,24.197180856274628,0.07911505901340932,0.018083933323688385,0,0.1282464151970619,0.24253693324006403,9.882703650784238,0.017091525705904446,5.3093007766988025
Preston,14.949001121449012,0,17.668068175424327,15.370791652977466,0.030889205843330693,0.0072797663960303405,0,0.07594215202874434,0.13006926155042262,6.1829628497006235,0.015958137282317247,8.954090842604513
Princes Hill,13.142488080080033,0,24.425598681720455,18.811496752218616,0.05184670535922975,0.013228938916266381,0,0.09159197590937922,0.1727575010676149,24.965149544337084,0.016089880882739546,3.6025433922897663
Reservoir,12.500472875713008,0,20.326011405764714,14.119568776886982,0.023670182576899675,0.01870243735434188,0,0.0836035550161906,0.14090016948544423,11.795561497140504,0.014923994538012079,11.960919415504227
Richmond,20.993984148970622,0,37.49470210393593,21.556216299653876,0.053930508101521765,0.019768418832825322,0,0.09071485282177626,0.18940353283484065,9.270501758836602,0.024989753078717307,3.5286650725291797
Ringwood,23.78523053196248,0,35.928470650977076,30.332163199396767,0.045819638259394974,0.03487850443496074,0,0.14012315445331924,0.2670431978469778,18.61376587430507,0.04622190069930284,23.80733816038396
Ringwood East,38.24556545156711,0,64.7584700347232,36.29187957255815,0.08009833806159522,0.03948881270630305,0,0.23784933672545608,0.3836050242265263,35.26246095408075,0.026168536733171963,25.57598671060303
Ringwood North,35.11154194823996,0,54.76313229153875,39.41887009152787,0.05784301690922176,0.05210425747548317,0,0.2757074665916087,0.403437089438171,43.70811440239647,0.0177823484618574,23.725770903852425
Ripponlea,36.74641953101693,0,34.15612728973552,25.437829473449487,0.12658260414848835,0.0051495300384338414,0,0.13717747156556692,0.29837818794379684,29.12436090913271,0.02946858219130771,7.604413793598871
Rosanna,17.478159699605758,0,55.51386111959257,23.926540480641705,0.03434154846782832,0.04991936242601917,0,0.15772984371952925,0.25206986949215854,18.538151337593295,0.010079114878781797,12.516290214728908
Sandringham,44.97814866278064,0,48.32917268921067,42.86949681551322,0.09589846860984576,0.041003734812003305,0,0.2416263647133301,0.42181395144867845,31.295065695219492,0.043285383313499314,16.121123887814786
Seabrook,14.71404634910628,0,15.039726848296938,14.749757749104761,0.03340179926519791,0.01664627641637876,0,0.0921341096654742,0.14395923216943426,4.718225394415793,0.0017770468223833981,19.459500272396884
Seaholme,16.347712893039123,0,12.759655660526542,21.74012245450009,0.03330786095215201,0.037584834593920945,0,0.08994837070833643,0.1721672162619759,12.877923574189678,0.011326150007566496,11.865696771049224
Seddon,16.939723303269673,0,45.087809944563645,20.982665954494315,0.05155447973757676,0.00734332273511586,0,0.12744814072801333,0.1940753047108881,10.7389127834392,0.007729361510182162,6.346330860054994
South Kingsville,18.769613524630365,0,15.305802325321977,21.043496160548845,0.040825574145486314,0.0062049589798322275,0,0.1282988215825394,0.185378067375121,7.597279304363462,0.010048712667263059,8.24753182814299
South Melbourne,20.52328102358253,0,29.7444854006109,22.70282363518105,0.08897534418414327,0.0030548344179616633,0,0.05275345173424798,0.1684834726573168,7.318586584604142,0.023699842320963883,2.25495093471642
South Wharf,3.1451410464633427,0,0,0,0.009542221441285772,0,0,0,0.01930096135484051,1.4486356059116947,0.009758739913554738,1.5771958524153227
South Yarra,31.38765427096824,0,29.610094075426147,26.379927144536087,0.06627440968767734,0.0509808642313969,0,0.11648373376519028,0.2602841310416536,15.158589799013921,0.02654512335738907,3.7702728271835073
Southbank,12.769756827325804,0,20.33832802681638,0,0.04766009793067388,0.005596384643351425,0,0,0.09562041605566902,7.069407493354484,0.04236393348164372,1.297019395625794
Spotswood,18.631941515116516,0,14.35917134642156,30.217523784917333,0.030552267191231587,0.013653913927727558,0,0.04540012523396729,0.1320345115401798,7.182829693244594,0.04242820518725337,6.855164983432668
St Albans,8.114728462544516,0,7.6189930163396395,5.482999961825105,0.016856887861656365,0.00497845559029514,0,0.03328198969128065,0.06528754333374821,8.480686262253649,0.010170210190516062,15.89769165020891
St Helena,20.755954660719425,0,30.878959688794243,22.695831567759964,0.029827032882055488,0.024958276812663337,0,0.1644943022254747,0.23606196523508738,33.106023517826614,0.016782353314893843,20.165345123361043
St Kilda,24.94586053848593,0,22.02885374302566,22.89635389173285,0.06544927284614495,0.03335336825750643,0,0.08964085823533052,0.2074728455767985,9.77267356307178,0.019029346237816627,5.739223949839122
St Kilda East,34.3583721010758,0,45.65782641604969,24.258567004683695,0.07244043164566831,0.021692287673120345,0,0.16619280684832125,0.27237422532448646,21.301559957926994,0.012048699157376549,6.774787295416876
St Kilda West,31.946581447389967,0,8.795367082391078,22.862214289446776,0.11933194935392862,0.0076177109500171775,0,0.10323733494720642,0.25010272484660834,22.557057458660385,0.01991572959545612,4.91245791663161
Strathmore,13.865766917886827,0,39.50395248502012,17.263916783166728,0.03819187068837147,0.03832183783142212,0,0.098010526590847,0.18187818863192068,12.290709794556943,0.007353953521280083,9.858342165516742
Strathmore Heights,8.46018728587087,0,19.833554102443337,21.305007501572504,0.019371535581768892,0.06736922564541087,0,0.074090439835359,0.16938710177093164,10.23513463132237,0.008555900708392896,12.622315016799572
Sunshine,11.362711138215156,0,26.590976774766585,12.30247392582418,0.02445409043090383,0.019650226988136506,0,0.047045108978101456,0.11196428173497637,6.336627930026737,0.02081485533783458,11.679067945481686
Sunshine North,8.65095635184933,0,13.781795868397385,8.954567708124534,0.017579025246277885,0.0039761874631918095,0,0.03486845028267074,0.07038618074459776,3.6883933779097045,0.013962517752457333,12.494050874999148
Sunshine West,6.6060318729258425,0,19.314197873298745,6.721403390987346,0.013168808978496687,0.011575909062860067,0,0.030754929716105515,0.06345502209809009,2.8095676178580846,0.007955374340627824,13.505073889901977
Surrey Hills,48.12529719304337,0,57.21088856351755,33.91699588008348,0.10227567619994442,0.01769767146146303,0,0.23598021516374237,0.3682818155945786,20.28062702137878,0.012328252769428812,11.975655255334136
Sydenham,7.150375598556959,0,8.425642016178053,6.829048242175531,0.01702453126860462,0.0016820638497329703,0,0.04476393981861331,0.06808182325805025,5.33402468184058,0.0046112883210993405,21.570404095282296
Taylors Lakes,9.289110997953342,0,12.146824361713678,8.688069544095695,0.018553601444955995,0.009640693157057133,0,0.04858914761100959,0.08508282174321757,5.134669319850695,0.00829937953019485,20.180280812315733
Templestowe,24.458762436915308,32.941205496672296,47.379582473996756,32.68214391605017,0.029946320553539026,0.15099094888474632,0.010221919837377158,0.16207774414858706,0.36440294395603645,34.97218005299717,0.011166010531786888,17.653348995206933
Templestowe Lower,22.915638510217384,49.69421015333147,46.7379042897096,26.886551630119225,0.04418764527200667,0.05963360515886271,0.002845126863604171,0.16589229820455684,0.28757930207329613,26.422771440907972,0.015020626574265759,14.274471345593472
Thornbury,17.95221585260706,0,32.68955670646605,16.953328746175448,0.04094899909330665,0.024837060259137143,0,0.09574778683116089,0.1788101052522497,13.173034432925334,0.017276259068645012,7.266068704203351
Toorak,46.79185472911761,0,33.069265442681235,32.032249608575455,0.0954766993210079,0.0035167947090388105,0,0.2289889749605949,0.34109274379243626,18.609408333400854,0.013110274801794658,5.667590233206213
Tottenham,10.522942963637178,0,0,10.882034608267277,0.00608693940885428,0,0,2.238829809034427e-7,0.09214233078735369,9.133879879799936,0.0860551674955185,9.763009946727456
Travancore,34.83088777615729,0,23.561488925198233,28.90603087793307,0.06750424425014151,0.03629886218078488,0,0.10801360756825801,0.26238364154145744,18.159322142535554,0.050566927542273016,4.439060637732546
Tullamarine,8.13286872961369,0,63.721149553873246,4.325509090297008,0.02256749072575799,0.019361668298794325,0,0.0014146114121981262,0.08133448310923799,5.761178396070143,0.03799071267248756,14.509358415160008
Vermont,27.55218424777225,0,57.34095318720826,31.873830417936173,0.0500325527159177,0.07305300346152192,0,0.19045655317093707,0.32434880930837656,11.561150845813136,0.010806699959999843,20.966681224265127
Vermont South,25.27185695228252,0,49.91414402132169,28.645500061621938,0.04430366111912027,0.10929410657359746,0,0.15206399906010246,0.31954736965994307,18.54387340336283,0.013885602907122865,20.277903967226752
Viewbank,21.174766870271238,36.85116392246787,41.846331816241495,26.40270323775939,0.02676258623006967,0.15713192137480966,0.01192247929087472,0.09880484943470406,0.32386394261778106,31.945341065429524,0.02924210628732293,14.130569091788157
Warrandyte,55.01260910994799,57.51381153719264,84.95827093191959,48.656180902609435,0.048185796137162874,0.21879330007025083,0.22067696430739847,0.1184073729739913,0.6171684038615292,39.902712027909985,0.011104970372725646,22.8900410570363
Warrandyte South,51.1024907817863,44.560964999280564,62.639678491243764,53.364986827056924,0.026871830341187664,0.007307510570954837,0.3771156225338836,0.04499352788177623,0.45859779103710263,44.87891382642099,0.002309299709300327,25.478693797859012
Warranwood,41.063892462954456,59.18275750739487,89.47407108076726,48.57737694123586,0.05397099744403534,0.031046423980317043,0.03739534356380692,0.3493662272784798,0.5048745845930499,64.27839073986303,0.0330955923264107,25.666689091854693
Waterways,19.09495867821954,0,49.29812852828251,38.388145978024355,0.04519325137207827,0.009004545150532051,0,0.1127438522454206,0.2664126711100742,22.037886379367947,0.09947102234204329,26.690501633448296
Watsonia,14.916504539345127,0,15.416786859236167,18.857492924514244,0.03721046034560006,0.013760500876684916,0,0.11330570230047873,0.17287931694073913,14.23510563837009,0.00860265341797542,15.6685879614284
Watsonia North,17.393210330456863,0,46.546281719145185,17.381800943807498,0.04421214534006063,0.04231875236636186,0,0.10598297593691461,0.21390655112961257,47.37594734474929,0.02139267748627549,16.949752457847563
West Footscray,21.54503256082486,0,19.95502727786482,27.37368655917296,0.041681191798755984,0.011022435209787254,0,0.11854077993879464,0.19738571107803482,8.213914068446819,0.02614130413069694,8.271701472667884
West Melbourne,8.567503859540949,0,48.050040975007434,18.949285982228027,0.0114405950419472,0.009428177181689297,0,0.0018057522871793733,0.04115072304717124,2.2066026018982328,0.018476198536355366,3.381649184541023
Wheelers Hill,22.212752834050566,0,52.51377788217574,20.63255769160766,0.042648397826751325,0.11080156702374867,0,0.11758599510714172,0.27532463970434184,15.825339829150515,0.004288679746700122,22.254312493493813
Williamstown,30.92398599957354,0,11.624272802513449,35.621756896471204,0.06892700283209786,0.02505253826208558,0,0.14387177298095744,0.25997729527573504,14.030270902948144,0.022125981200594166,8.28703857066049
Williamstown North,15.167455320880599,0,14.524611064766841,27.64590562769358,0.030044813679389226,0.004675083447009837,0,0.03666990643467729,0.11798942972138474,7.314519044414938,0.04659962616030839,9.328396614111565
Windsor,24.835035908320172,0,30.3504160568,19.078525727717743,0.06880780553775157,0.007753728422130765,0,0.09915685426277665,0.20122974839497576,14.35940614879738,0.025511360172316762,5.180739037530624
Wonga Park,49.06692709577315,54.80418212700982,86.6882183297942,44.91514309181946,0.021997475201832175,0.13816632755037483,0.3700985580470357,0.04345915788756411,0.5816973591032003,33.630324414954885,0.007975840416393444,28.39046639489713
Yallambie,27.309082043963322,0,48.67528032876032,27.31771501876065,0.035029870538221965,0.04265953828525756,0,0.08375932241424783,0.3843866874731881,46.69099134052582,0.22293795623546073,15.152374410930106
Yarraville,23.495088674090486,0,23.572304200835557,26.984390803114078,0.04651153562560664,0.028282390760525328,0,0.11621191089974216,0.2113031393160038,8.073955448335107,0.02029730203012969,7.15166618452901
